Recipe,Heuristic
Real tomato soup,0.41428117674674864
Puff pastry pizzas,0.30444596647189703
