Recipe,Heuristic
Real tomato soup,0.4379379495270206
Tangy tomato relish,0.3000024920722665
Puff pastry pizzas,0.27887889895663964
Spaghetti with sardines,0.2600938807728994
